adult,backdrop_path,genre_ids/0,genre_ids/1,genre_ids/2,genre_ids/3,id,original_language,original_title,overview,popularity,poster_path,release_date,title,video,vote_average,vote_count,genre_ids/4,genre_ids/5
false,https://image.tmdb.org/t/p/w300/cjaOSjsjV6cl3uXdJqimktT880L.jpg,12,14,10751,16,529203,en,The Croods: A New Age,"After leaving their cave, the Croods encounter their biggest threat since leaving: another family called the Bettermans, who claim and show to be better and evolved. Grug grows suspicious of the Betterman parents, Phil and Hope,  as they secretly plan to break up his daughter Eep with her loving boyfriend Guy to ensure that their daughter Dawn has a loving and smart partner to protect her.",2820.988,https://image.tmdb.org/t/p/w300/tK1zy5BsCt1J4OzoDicXmr0UTFH.jpg,2020-11-25,The Croods: A New Age,false,8.1,545,,
false,https://image.tmdb.org/t/p/w300/tYkMtYPNpUdLdzGDUTC5atyMh9X.jpg,28,53,80,18,553604,en,Honest Thief,"A bank robber tries to turn himself in because he's falling in love and wants to live an honest life...but when he realizes the Feds are more corrupt than him, he must fight back to clear his name.",1987.863,https://image.tmdb.org/t/p/w300/zeD4PabP6099gpE0STWJrJrCBCs.jpg,2020-09-03,Honest Thief,false,7,259,,
false,https://image.tmdb.org/t/p/w300/wzJRB4MKi3yK138bJyuL9nx47y6.jpg,28,53,878,,577922,en,Tenet,"Armed with only one word - Tenet - and fighting for the survival of the entire world, the Protagonist journeys through a twilight world of international espionage on a mission that will unfold in something beyond real time.",1642.139,https://image.tmdb.org/t/p/w300/k68nPLbIST6NP96JmTxmZijEvCA.jpg,2020-08-22,Tenet,false,7.4,3171,,
false,https://image.tmdb.org/t/p/w300/wk58aoyWpMTVkKkdjw889XfWGdL.jpg,53,80,9648,,646593,en,Wander,"After getting hired to probe a suspicious death in the small town of Wander, a mentally unstable private investigator becomes convinced the case is linked to the same 'conspiracy cover up' that caused the death of his daughter.",1237.717,https://image.tmdb.org/t/p/w300/2AwPvNHphpZBJDqjZKVuMAbvS0v.jpg,2020-12-04,Wander,false,5.5,43,,
false,https://image.tmdb.org/t/p/w300/2Fk3AB8E9dYIBc2ywJkxk8BTyhc.jpg,28,53,,,524047,en,Greenland,"John Garrity, his estranged wife and their young son embark on a perilous journey to find sanctuary as a planet-killing comet hurtles toward Earth. Amid terrifying accounts of cities getting levelled, the Garrity's experience the best and worst in humanity. As the countdown to the global apocalypse approaches zero, their incredible trek culminates in a desperate and last-minute flight to a possible safe haven.",1190.108,https://image.tmdb.org/t/p/w300/bNo2mcvSwIvnx8K6y1euAc1TLVq.jpg,2020-07-29,Greenland,false,7.1,1052,,
false,https://image.tmdb.org/t/p/w300/jeAQdDX9nguP6YOX6QSWKDPkbBo.jpg,28,14,878,,590706,en,Jiu Jitsu,"Every six years, an ancient order of jiu-jitsu fighters joins forces to battle a vicious race of alien invaders. But when a celebrated war hero goes down in defeat, the fate of the planet and mankind hangs in the balance.",1142.746,https://image.tmdb.org/t/p/w300/eLT8Cu357VOwBVTitkmlDEg32Fs.jpg,2020-11-20,Jiu Jitsu,false,5.7,188,,
false,https://image.tmdb.org/t/p/w300/zbD96UExL9hl8TNihhs16vTBPEn.jpg,878,,,,733317,en,Monsters of Man,"A robotics company vying to win a lucrative military contract team up with a corrupt CIA agent to conduct an illegal live field test. They deploy four weaponized prototype robots into a suspected drug manufacturing camp in the Golden Triangle, assuming they'd be killing drug runners that no one would miss. Six doctors on a humanitarian mission witness the brutal slaughter and become prime targets.",1410.108,https://image.tmdb.org/t/p/w300/1f3qspv64L5FXrRy0MF8X92ieuw.jpg,2020-11-19,Monsters of Man,false,7.7,68,,
false,https://image.tmdb.org/t/p/w300/zMcEalkxEiRjvmijliLBk0sYern.jpg,35,80,53,,765123,de,Wir Können Nicht Anders,"A man foils an attempted murder, then flees the crew of would-be killers along with their intended target as a woman he's just met tries to find him.",883.949,https://image.tmdb.org/t/p/w300/ajKpYK7XdzIYjy9Uy8nkgRboKyv.jpg,2020-12-04,Christmas Crossfire,false,4.4,33,,
false,https://image.tmdb.org/t/p/w300/ckfwfLkl0CkafTasoRw5FILhZAS.jpg,28,35,14,,602211,en,Fatman,"A rowdy, unorthodox Santa Claus is fighting to save his declining business. Meanwhile, Billy, a neglected and precocious 12 year old, hires a hit man to kill Santa after receiving a lump of coal in his stocking.",932.736,https://image.tmdb.org/t/p/w300/4n8QNNdk4BOX9Dslfbz5Dy6j1HK.jpg,2020-11-13,Fatman,false,5.9,218,,
false,https://image.tmdb.org/t/p/w300/srYya1ZlI97Au4jUYAktDe3avyA.jpg,14,28,12,,464052,en,Wonder Woman 1984,Wonder Woman comes into conflict with the Soviet Union during the Cold War in the 1980s and finds a formidable foe by the name of the Cheetah.,911.331,https://image.tmdb.org/t/p/w300/di1bCAfGoJ0BzNEavLsPyxQ2AaB.jpg,2020-12-16,Wonder Woman 1984,false,7.1,124,,
false,https://image.tmdb.org/t/p/w300/sFLgXQGrSWxnjmPOpGKPApWNOUH.jpg,36,28,12,,635237,en,Arthur & Merlin: Knights of Camelot,King Arthur returns home after fighting the Roman Empire. His illegitimate son has corrupted the throne of Camelot and King Arthur must reunite with the wizard Merlin and the Knights of the Round Table to fight to get back his crown.,665.49,https://image.tmdb.org/t/p/w300/chGTXsvn53XvEnvsJ9ZD9eiYKx9.jpg,2020-05-28,Arthur & Merlin: Knights of Camelot,false,6,59,,
false,https://image.tmdb.org/t/p/w300/cw8A0SprTxr7uSfcH7lwSRRhezJ.jpg,12,14,28,,634244,en,Heavenquest: A Pilgrim's Progress,"Inspired by the 1678 novel The Pilgrim's Progress and an imagined prequel to Bunyan's original writings.  A regal man named Vangel is thrust on a journey against his will when he is suddenly and mysteriously arrested.  Injured and lost after escaping the dark king’s men, Vangel begins to have strange dreams and visions of a mysterious woman in white calling him from the unknown territory of the North.  Armed with a book called “The Record of the Ancients” that he receives from a wise sage named Elder, Vangel embarks on an adventure that takes him through treacherous mountain range, unending deserts, the Lake of Doubts, and the Forest of No Return.  Along the way, travel companions share about a fabled good king and his son in the North if he can make it there alive.",640.5,https://image.tmdb.org/t/p/w300/cLDPLia17AwMqSaRHccyAlInkch.jpg,2020-07-13,Heavenquest: A Pilgrim's Progress,false,5.5,35,,
false,https://image.tmdb.org/t/p/w300/d2UxKyaJ5GgzuHaSsWinFfv3g6L.jpg,28,27,53,,581392,ko,반도,A soldier and his team battle hordes of post-apocalyptic zombies in the wastelands of the Korean Peninsula.,634.675,https://image.tmdb.org/t/p/w300/sy6DvAu72kjoseZEjocnm2ZZ09i.jpg,2020-07-15,Peninsula,false,6.9,929,,
false,https://image.tmdb.org/t/p/w300/wu1uilmhM4TdluKi2ytfz8gidHf.jpg,16,14,12,35,400160,en,The SpongeBob Movie: Sponge on the Run,"When his best friend Gary is suddenly snatched away, SpongeBob takes Patrick on a madcap mission far beyond Bikini Bottom to save their pink-shelled pal.",507.858,https://image.tmdb.org/t/p/w300/jlJ8nDhMhCYJuzOw3f52CP1W8MW.jpg,2020-08-14,The SpongeBob Movie: Sponge on the Run,false,7.9,1736,10751,
false,https://image.tmdb.org/t/p/w300/6hgItrYQEG33y0I7yP2SRl2ei4w.jpg,10749,18,,,613504,en,After We Collided,Tessa finds herself struggling with her complicated relationship with Hardin; she faces a dilemma that could change their lives forever.,492.285,https://image.tmdb.org/t/p/w300/kiX7UYfOpYrMFSAGbI6j1pFkLzQ.jpg,2020-09-02,After We Collided,false,7.3,2481,,
false,https://image.tmdb.org/t/p/w300/lIE7kfdLBRd0KENNtOaIqPPWNqh.jpg,27,18,14,,590995,en,The Craft: Legacy,An eclectic foursome of aspiring teenage witches get more than they bargained for as they lean into their newfound powers.,471.014,https://image.tmdb.org/t/p/w300/lhMIra0pqWNuD6CIXoTmGwZ0EBS.jpg,2020-10-28,The Craft: Legacy,false,6.2,189,,
false,https://image.tmdb.org/t/p/w300/j6Er72CMHKiZgFr0HBMbuyj7Ssa.jpg,27,,,,753926,en,Toys of Terror,"A big family moves into a dusty old house in the snowy woods of Washington with hopes of it being a nice holiday escape. But the kids soon discover a stash of old toys that just so happen to belong to a creepy ghost boy. As stranger and stranger things start to happen, some of the kids begin to sense that something in the house is not quite right…",461.377,https://image.tmdb.org/t/p/w300/c6hmAgPVXxZHwMHfS9z3W2n9Gz9.jpg,2020-10-18,Toys of Terror,false,5.5,43,,
false,https://image.tmdb.org/t/p/w300/tfxRXujXbi2esl8WLhdqzixjbIY.jpg,,,,,669444,fr,Les chevaliers du fiel dynamitent 2019,,507.964,https://image.tmdb.org/t/p/w300/oh6AZL0nnQdnz8bazoDzTAVVHfB.jpg,,Les chevaliers du fiel dynamitent 2019,false,3.7,3,,
false,https://image.tmdb.org/t/p/w300/iZ6wYtPGO6Hg4yP7O1ZXpITcx7V.jpg,28,35,,,682377,en,Chick Fight,"When Anna Wyncomb is introduced to an an underground, all-female fight club in order to turn the mess of her life around, she discovers she is much more personally connected to the history of the club than she could ever imagine.",421.127,https://image.tmdb.org/t/p/w300/4ZocdxnOO6q2UbdKye2wgofLFhB.jpg,2020-11-13,Chick Fight,false,5.7,73,,
false,https://image.tmdb.org/t/p/w300/1WDITmJAHz4rAnjVv1XYN4IfjKq.jpg,27,,,,593655,en,Castle Freak,"After she’s permanently blinded in a tragic car accident, Rebecca receives some bizarre news: her long-lost mother has recently passed away, leaving her their family’s ancestral castle in rural Albania. Traveling to the estate with a group of friends, Rebecca hopes it will be an opportunity for her to reconnect with a past she never knew and a mother who seemingly left her behind. When mysterious events begin to occur and her friends begin to die, Rebecca must unravel the secrets of her family’s history before she too falls prey to the Castle Freak.",400.099,https://image.tmdb.org/t/p/w300/HJEosQRIdBzAHEdZJCUF7e5FmF.jpg,2020-12-03,Castle Freak,false,4.4,13,,
false,https://image.tmdb.org/t/p/w300/1EqOPzkgYXXyQuosEOIxgKUVS8G.jpg,35,28,,,651586,es,Superagente Makey,"Makey is a humble police officer that, unexpectedly, gets caught in the middle of a dangerous international drug operation in the Costa del Sol, Spain.",404.455,https://image.tmdb.org/t/p/w300/1IjQJE90yB8WliDRb1N3EvEMsjr.jpg,2020-07-17,Superagente Makey,false,4,45,,
false,https://image.tmdb.org/t/p/w300/lrzAb9QCwKPOwH1iY7WpfjR6jcC.jpg,10770,53,,,648371,en,No Good Deed,"Karen never planned on being a hero. A recent widow, she has her hands full with work and parenting her son Max. Then Karen saves Jeremy's life during a drug store robbery and quickly discovers that the young man is intent on paying her back at any cost. At first, life starts improving for this good Samaritan, but as Jeremy's efforts become more extreme, Karen starts to wonder if no good deed truly goes unpunished.",627.253,https://image.tmdb.org/t/p/w300/27BnREBR5rcMrUVUhV5bTXlcCym.jpg,2020-03-13,No Good Deed,false,6.2,10,,
false,https://image.tmdb.org/t/p/w300/8knaRrDd1FM1pbSLaViEQSxodi5.jpg,18,53,,,441282,en,Night Hunter,A Minnesota police officer crosses paths with a committed and tireless vigilante as he follows the trail of a ruthless predator responsible for several abductions and murders.,607.272,https://image.tmdb.org/t/p/w300/vVYU0x9FRpiJNX7c54ciFnRBVYG.jpg,2019-08-29,Night Hunter,false,6.5,392,,
false,https://image.tmdb.org/t/p/w300/8rIoyM6zYXJNjzGseT3MRusMPWl.jpg,14,10751,12,35,531219,en,Roald Dahl's The Witches,"In late 1967, a young orphaned boy goes to live with his loving grandma in the rural Alabama town of Demopolis. As the boy and his grandmother encounter some deceptively glamorous but thoroughly diabolical witches, she wisely whisks him away to a seaside resort. Regrettably, they arrive at precisely the same time that the world's Grand High Witch has gathered.",430.338,https://image.tmdb.org/t/p/w300/betExZlgK0l7CZ9CsCBVcwO1OjL.jpg,2020-10-26,Roald Dahl's The Witches,false,6.9,956,27,
false,https://image.tmdb.org/t/p/w300/qAKvUu2FSaDlnqznY4VOp5PmjIF.jpg,28,12,18,14,337401,en,Mulan,"When the Emperor of China issues a decree that one man per family must serve in the Imperial Chinese Army to defend the country from Huns, Hua Mulan, the eldest daughter of an honored warrior, steps in to take the place of her ailing father. She is spirited, determined and quick on her feet. Disguised as a man by the name of Hua Jun, she is tested every step of the way and must harness her innermost strength and embrace her true potential.",392.408,https://image.tmdb.org/t/p/w300/aKx1ARwG55zZ0GpRvU2WrGrCG9o.jpg,2020-09-04,Mulan,false,7.1,3587,,
false,https://image.tmdb.org/t/p/w300/7z0QTuzxdUHkGISaYxtp0PVQmXp.jpg,53,,,,729269,en,Sleeping with Danger,"Inspired by Ann Rule’s true crime collection Mortal Danger and Other True Cases. Paul Carter was like a knight in shining armor when he met flight attendant Grace Tanner and swept her into a passionate love affair. But her dream man quickly became her nightmare as his jealous rage ultimately led to a brutal attack. Incredibly, Grace was able to escape and go into hiding. Fearing for her life and the safety of other women Paul might seduce, Grace works with the police to bring Paul to justice.",406.404,https://image.tmdb.org/t/p/w300/78FSyBCA8BVAK3FsO1s6mTanRz7.jpg,2020-08-01,Sleeping with Danger,false,7.8,34,,
false,https://image.tmdb.org/t/p/w300/2ltadt0HtHS8qD3xREVds3PDxkP.jpg,10751,14,35,,662546,en,Godmothered,"A young and unskilled fairy godmother that ventures out on her own to prove her worth by tracking down a young girl whose request for help was ignored. What she discovers is that the girl has now become a grown woman in need of something very different than a ""prince charming.""",354.126,https://image.tmdb.org/t/p/w300/80tDCErk6ymHS7YfvqJcbnnTtqa.jpg,2020-12-04,Godmothered,false,7.1,212,,
false,https://image.tmdb.org/t/p/w300/7TC0Me75kIHNhB8O7O6quSI207p.jpg,10751,14,12,,654028,en,The Christmas Chronicles: Part Two,"Kate Pierce is reluctantly spending Christmas with her mom’s new boyfriend and his son Jack. But when the North Pole and Christmas are threatened to be destroyed, Kate and Jack are unexpectedly pulled into a new adventure with Santa Claus.",365.953,https://image.tmdb.org/t/p/w300/6sG0kbEvAi3RRLcGGU5h8l3qAPa.jpg,2020-11-18,The Christmas Chronicles: Part Two,false,6.8,380,,
false,https://image.tmdb.org/t/p/w300/7xiYjuoa5cAjkbJrF7fpfKKYqcf.jpg,28,12,10752,18,554022,nl,Torpedo,"World War II: Resistance fighters accept a suicide mission to deliver a stolen Nazi submarine carrying atomic uranium. Hunted by Hitler’s army, the crew must outwit the German Navy to bring the cargo safely to America.",383.834,https://image.tmdb.org/t/p/w300/wHuhFcsii1GkKPHVC1wpdvJ9Djs.jpg,2019-10-23,Torpedo: U-235,false,7,70,,
false,https://image.tmdb.org/t/p/w300/azTsf28VYj0rw6ql67fB8WnxbZX.jpg,53,27,,,554585,es,Sin origen,A group of arcanes enjoy fighting vampires.,544.157,https://image.tmdb.org/t/p/w300/77lI0btz8qkExY13MKXaPrf4cA6.jpg,2020-10-25,Originless,false,5.4,21,,
false,https://image.tmdb.org/t/p/w300/DA7gzvlBoxMNL0XmGgTZOyv67P.jpg,16,10751,35,14,741074,en,Once Upon a Snowman,"The previously untold origins of Olaf, the innocent and insightful, summer-loving snowman are revealed as we follow Olaf’s first steps as he comes to life and searches for his identity in the snowy mountains outside Arendelle.",326.375,https://image.tmdb.org/t/p/w300/hddzYJtfYYeMDOQVcH58n8m1W3A.jpg,2020-10-23,Once Upon a Snowman,false,6.8,224,,
false,https://image.tmdb.org/t/p/w300/iQxJuPqCGOO4Iy3uFbMWCIGHkwE.jpg,10752,28,,,635780,en,Rogue Warfare: Death of a Nation,"After rescuing Daniel from the terrorist Black Mask Organization, the team uncovers plans for a deadly bomb set to detonate in 36 hours that threatens world order. With no time to recover, Daniel must throw his life back on the line as he and his elite team of soldiers race against time to find the bomb and defeat their enemy once and for all. Outnumbered and overmatched, each soldier must find their inner strength and skill to overcome insurmountable odds.",338.515,https://image.tmdb.org/t/p/w300/8GVpIEBqlRBvx28G0LfEX0U8D2k.jpg,2020-09-25,Rogue Warfare: Death of a Nation,false,3.9,17,,
false,https://image.tmdb.org/t/p/w300/eShw0LB5CkoEfYtpUcXPD85oz5Q.jpg,27,53,35,14,551804,en,Freaky,"A mystical, ancient dagger causes a notorious serial killer to magically switch bodies with a 17-year-old girl.",327.813,https://image.tmdb.org/t/p/w300/8xC6QSyxrpm0D5A6iyHNemEWBVe.jpg,2020-11-12,Freaky,false,7,206,,
false,https://image.tmdb.org/t/p/w300/2AFZyra0Ddwl2oBDhClvD1qSIL6.jpg,28,27,878,,340102,en,The New Mutants,"Five young mutants, just discovering their abilities while held in a secret facility against their will, fight to escape their past sins and save themselves.",330.2,https://image.tmdb.org/t/p/w300/xrI4EnZWftpo1B7tTvlMUXVOikd.jpg,2020-08-26,The New Mutants,false,6.4,1143,,
false,https://image.tmdb.org/t/p/w300/h00iFXMpGuls2GEnXIGFzQUeaFr.jpg,18,27,53,,726208,es,Voces,"After the strange death of his young son at their new home, Daniel hears a ghostly plea for help, spurring him to seek out a renowned paranormal expert.",326.021,https://image.tmdb.org/t/p/w300/ffdPUteSePSqJEhKJKwgSIWumC2.jpg,2020-07-24,Don't Listen,false,6.7,254,,
false,https://image.tmdb.org/t/p/w300/y3XMIea7mwTzxt3NFFXi5YJKeFJ.jpg,10751,28,16,12,20982,ja,劇場版 NARUTO -ナルト- 疾風伝,"Demons that once almost destroyed the world, are revived by someone. To prevent the world from being destroyed, the demon has to be sealed and the only one who can do it is the shrine maiden Shion from the country of demons, who has two powers; one is sealing demons and the other is predicting the deaths of humans. This time Naruto's mission is to guard Shion, but she predicts Naruto's death. The only way to escape it, is to get away from Shion, which would leave her unguarded, then the demon, whose only goal is to kill Shion will do so, thus meaning the end of the world. Naruto decides to challenge this ""prediction of death.""",348.278,https://image.tmdb.org/t/p/w300/vDkct38sSFSWJIATlfJw0l3QOIR.jpg,2007-08-04,Naruto Shippuden the Movie,false,7.1,242,14,
false,https://image.tmdb.org/t/p/w300/t4V82jen6LKBjs8WMuMpGxbtFgJ.jpg,35,,,,633908,en,The Stand In,The story of a disaffected comedy actress and her ambitious stand-in trading places.,469.386,https://image.tmdb.org/t/p/w300/Or3FCPP8QQSxeOSw9IhDPYHgcQ.jpg,2020-12-03,The Stand In,false,5.6,15,,
false,https://image.tmdb.org/t/p/w300/aQUM5qfBBdWQQk3mwKp6OLwv8mS.jpg,16,28,18,878,283566,ja,シン・エヴァンゲリオン劇場版:||,The fourth and final film in the Rebuild of Evangelion series.,313.45,https://image.tmdb.org/t/p/w300/q034rbTWteRNA8sMSc2YjegmiUx.jpg,2021-01-23,Evangelion: 3.0+1.0 Thrice Upon a Time,false,0,0,,
false,https://image.tmdb.org/t/p/w300/gnf4Cb2rms69QbCnGFJyqwBWsxv.jpg,53,28,18,80,671039,fr,Bronx,"Caught in the crosshairs of police corruption and Marseille’s warring gangs, a loyal cop must protect his squad by taking matters into his own hands.",319.13,https://image.tmdb.org/t/p/w300/9HT9982bzgN5on1sLRmc1GMn6ZC.jpg,2020-10-30,Rogue City,false,5.8,300,,
false,https://image.tmdb.org/t/p/w300/vwpxy4kmQyW5aBJ3uxhQM6koU6H.jpg,10751,16,,,743439,en,PAW Patrol: Jet to the Rescue,"Get ready to zoom back to Barkingburg with the pups in this all-new TV movie! When the scheming DUKE of Flappington steals a powerful levitation gem from the royal castle, it’s up to the PAW Patrol to jet to the rescue before the town is lost forever! Then join the PAW Patrol in even more high-flying adventures where they will save a stunt pilot, one of Mayor Humdinger’s kittens, and even Skye when she breaks her wing flying to Jake’s Mountain!",307.917,https://image.tmdb.org/t/p/w300/qHcn3PbjVHxBweDZxWpYH3JfugS.jpg,2020-09-03,PAW Patrol: Jet to the Rescue,false,7,28,,
false,https://image.tmdb.org/t/p/w300/kU7ZiyeUwcpTkYj3UcxSqGdZmxY.jpg,16,28,,,618353,en,Batman: Death in the Family,Tragedy strikes the Batman's life again when Robin Jason Todd tracks down his birth mother only to run afoul of the Joker. An adaptation of the 1988 comic book storyline of the same name.,311.797,https://image.tmdb.org/t/p/w300/k8Q9ulyRE8fkvZMkAM9LPYMKctb.jpg,2020-10-13,Batman: Death in the Family,false,7.3,139,,
false,https://image.tmdb.org/t/p/w300/aO5ILS7qnqtFIprbJ40zla0jhpu.jpg,28,53,12,18,741067,en,Welcome to Sudden Death,"Jesse Freeman is a former special forces officer and explosives expert now working a regular job as a security guard in a state-of-the-art basketball arena. Trouble erupts when a tech-savvy cadre of terrorists kidnap the team's owner and Jesse's daughter during opening night. Facing a ticking clock and impossible odds, it's up to Jesse to not only save them but also a full house of fans in this highly charged action thriller.",262.474,https://image.tmdb.org/t/p/w300/elZ6JCzSEvFOq4gNjNeZsnRFsvj.jpg,2020-09-29,Welcome to Sudden Death,false,6.3,194,,
false,https://image.tmdb.org/t/p/w300/54yOImQgj8i85u9hxxnaIQBRUuo.jpg,28,80,18,53,539885,en,Ava,A black ops assassin is forced to fight for her own survival after a job goes dangerously wrong.,291.975,https://image.tmdb.org/t/p/w300/qzA87Wf4jo1h8JMk9GilyIYvwsA.jpg,2020-07-02,Ava,false,5.7,909,,
false,https://image.tmdb.org/t/p/w300/aWPWCeihRraZayNOcZVnq5dXFwX.jpg,35,18,12,,636565,it,L'incredibile storia dell'isola delle rose,"In 1968, engineer Giorgio Rosa established the independent state called ""The Isle of Roses"" off the coast of Rimini, built on a platform outside the territorial waters, with Esperanto as the official language. The Italian authorities did not take it well because the micronation was seen as an expedient to not pay taxes on the revenues obtained thanks to the arrival of numerous tourists and curious people.",243.546,https://image.tmdb.org/t/p/w300/yePO1PrRfrVMGqwJ3EzKhVvQXBX.jpg,2020-12-09,Rose Island,false,7.2,292,,
false,https://image.tmdb.org/t/p/w300/3HPqLM6o9PZHrrasrC9VytFdIGT.jpg,12,16,35,10751,754433,en,Bobbleheads: The Movie,"Get ready for a big shake-up when misfit bobbleheads take on trashy humans and a slobbery dog who crash their home with plans to swap a new baseball player bobblehead for a valuable one of them. With some guidance from Bobblehead Cher, they find the courage to bobble-up for an outrageous battle of wits and wobble.",237.908,https://image.tmdb.org/t/p/w300/t7gNfiDRZLgNka0Q7hPmRgmxLoG.jpg,2020-12-08,Bobbleheads: The Movie,false,5,7,,
false,https://image.tmdb.org/t/p/w300/hnQJH9mVCARAam1ibrtvQdw0Fi9.jpg,18,12,10751,,657811,de,Lassie - Eine abenteuerliche Reise,"Remake of 1943 movie based on Eric Knight's book, ""Lassie Come Home""",258.668,https://image.tmdb.org/t/p/w300/82yxvnYtgeRzsq5f9USlrFJI05s.jpg,2020-02-20,Lassie Come Home,false,7.3,20,,
false,https://image.tmdb.org/t/p/w300/d1sVANghKKMZNvqjW0V6y1ejvV9.jpg,16,28,12,14,635302,ja,劇場版「鬼滅の刃」無限列車編,"Tanjirō Kamado, joined with Inosuke Hashibira, a boy raised by boars who wears a boar's head, and Zenitsu Agatsuma, a scared boy who reveals his true power when he sleeps, boards the Infinity Train on a new mission with the Fire Hashira, Kyōjurō Rengoku, to defeat a demon who has been tormenting the people and killing the demon slayers who oppose it!",250.26,https://image.tmdb.org/t/p/w300/h8Rb9gBr48ODIwYUttZNYeMWeUU.jpg,2020-10-16,Demon Slayer the Movie: Mugen Train,false,7.1,169,18,
false,https://image.tmdb.org/t/p/w300/zKv7KF0pH9ASv2uGgTvTylMlxQn.jpg,37,,,,729648,en,The Dalton Gang,"When their brother Frank is killed by an outlaw, brothers Bob Dalton, Emmett Dalton and Gray Dalton join their local sheriff's department. When they are cheated by the law, they turn to crime, robbing trains and anything else they can steal from over the course of two years in the early 1890's. Trying to out do Jesse James, they attempt to rob two banks at once in October of 1892, and things get ugly",261.394,https://image.tmdb.org/t/p/w300/6OeGqp18oZucUGziMIRNhLouZ75.jpg,2020-11-02,The Dalton Gang,false,4.4,48,,
false,https://image.tmdb.org/t/p/w300/llMc0bO5G8jpkMqqcLNy7Y8LYBf.jpg,80,18,35,,541305,en,Kajillionaire,"Two con artists have spent 26 years training their only daughter to swindle, scam and steal at every turn. During a desperate and hastily conceived heist, they charm a stranger into joining them, only to have their entire world turned upside down.",237.219,https://image.tmdb.org/t/p/w300/fkqJJDb4u9rEyJu8Jm8H1P2mux4.jpg,2020-09-25,Kajillionaire,false,6.5,74,,
false,https://image.tmdb.org/t/p/w300/6cqogY7SYppI0ZNchaTKszSkxwH.jpg,10749,53,,,652722,es,En brazos de un asesino,"Victor (William Levy) is one of the world’s most handsome  men, but he has a deep secret – he is a cold blooded assassin. Smooth talking and seductive, Victor was raised to do one thing only, which is to kill for money. When he is sent to the home of a brutal drug lord to collect payment for his most recent hit, he encounters the beautiful Sarai (Alicia Sanz), who has been forced to spend the last 9 years of her life with the drug lord.",264.136,https://image.tmdb.org/t/p/w300/iqRUOtbDunNq7gTux3zXz25Krwp.jpg,2019-12-06,In the Arms of an Assassin,false,8.2,205,,
false,https://image.tmdb.org/t/p/w300/9guoVF7zayiiUq5ulKQpt375VIy.jpg,16,28,35,14,592350,ja,僕のヒーローアカデミア THE MOVIE ヒーローズ：ライジング,"Class 1-A visits Nabu Island where they finally get to do some real hero work. The place is so peaceful that it's more like a vacation … until they're attacked by a villain with an unfathomable Quirk! His power is eerily familiar, and it looks like Shigaraki had a hand in the plan. But with All Might retired and citizens' lives on the line, there's no time for questions. Deku and his friends are the next generation of heroes, and they're the island's only hope.",276.382,https://image.tmdb.org/t/p/w300/zGVbrulkupqpbwgiNedkJPyQum4.jpg,2019-12-20,My Hero Academia: Heroes Rising,false,8.5,529,12,
false,https://image.tmdb.org/t/p/w300/kMe4TKMDNXTKptQPAdOF0oZHq3V.jpg,80,18,9648,,497582,en,Enola Holmes,"While searching for her missing mother, intrepid teen Enola Holmes uses her sleuthing skills to outsmart big brother Sherlock and help a runaway lord.",260.653,https://image.tmdb.org/t/p/w300/riYInlsq2kf1AWoGm80JQW5dLKp.jpg,2020-09-23,Enola Holmes,false,7.5,2939,,
false,https://image.tmdb.org/t/p/w300/sAczHq1GTmePqHu3OTTkIyI64pV.jpg,16,10751,,,771305,en,Chico Bon Bon and the Very Berry Holiday,"The Fix-It Force makes a plan to hit every home as fast as they can, delivering Blunderberry Cakes before the town awakes to avoid a holiday disaster.",234.967,https://image.tmdb.org/t/p/w300/6uFfmr790HSdCJcfCeQcltAZUrt.jpg,2020-12-03,Chico Bon Bon and the Very Berry Holiday,false,0,0,,
false,https://image.tmdb.org/t/p/w300/rxqEtn5zJpTQkk2jZmUTyuTmMpC.jpg,35,18,10751,,568768,es,El club de los idealistas,A group of adults who met while studying college gather together a few years later.,206.076,https://image.tmdb.org/t/p/w300/ugYaq5Nz4PhY44BWiZyWFhMqKbl.jpg,2020-09-17,The Idealists,false,5.5,4,,
false,https://image.tmdb.org/t/p/w300/lPdhR8njOQWT3US0vmpQXVoOHFC.jpg,28,80,9648,,334521,en,Free Fire,"A crime drama set in 1970s Boston, about a gun sale which goes wrong.",369.431,https://image.tmdb.org/t/p/w300/21WsmKivqOE2Vut73z07M8yx84F.jpg,2017-03-31,Free Fire,false,6.3,725,,
false,https://image.tmdb.org/t/p/w300/5XKMS1dJFfnEOrl1koJyb31p5js.jpg,18,80,,,643612,en,I'm Your Woman,"In this 1970s set crime drama, a woman is forced to go on the run after her husband betrays his partners, sending her and her baby on a dangerous journey.",231.455,https://image.tmdb.org/t/p/w300/uTcJAxIV8BzNXuvcViBSibQSBid.jpg,2020-12-04,I'm Your Woman,false,5.6,35,,
false,https://image.tmdb.org/t/p/w300/mbvP37gpODCkaCcYkdwK0FFnFKv.jpg,28,80,18,53,493065,en,Cut Throat City,"Four boyhood friends return to New Orleans’ Lower Ninth Ward after Hurricane Katrina, to find their home decimated and prospects for work swept away. Turning to a local gangster for employment, the crew is hired to pull off a daring casino heist, right in the heart of the city.",260.656,https://image.tmdb.org/t/p/w300/a2Dcje3NkmySevZo5hVCfPaxqdL.jpg,2020-07-31,Cut Throat City,false,6.4,28,,
false,https://image.tmdb.org/t/p/w300/wFN8llYh215M8i2fqWAcPV8CSyL.jpg,28,12,16,35,49519,en,The Croods,"The prehistoric Croods family live in a particularly dangerous moment in time. Patriarch Grug, his mate Ugga, teenage daughter Eep, son Thunk, and feisty Gran gather food by day and huddle together in a cave at night. When a more evolved caveman named Guy arrives on the scene, Grug is distrustful, but it soon becomes apparent that Guy is correct about the impending destruction of their world.",219.835,https://image.tmdb.org/t/p/w300/27zvjVOtOi5ped1HSlJKNsKXkFH.jpg,2013-03-20,The Croods,false,6.9,5036,10751,14
false,https://image.tmdb.org/t/p/w300/6iUNJZymJBMXXriQyFZfLAKnjO6.jpg,28,12,14,,297762,en,Wonder Woman,An Amazon princess comes to the world of Man in the grips of the First World War to confront the forces of evil and bring an end to human conflict.,236.771,https://image.tmdb.org/t/p/w300/gfJGlDaHuWimErCr5Ql0I8x9QSy.jpg,2017-05-30,Wonder Woman,false,7.3,15578,,
false,https://image.tmdb.org/t/p/w300/9xNOiv6DZZjH7ABoUUDP0ZynouU.jpg,28,80,35,,495764,en,Birds of Prey (and the Fantabulous Emancipation of One Harley Quinn),"Harley Quinn joins forces with a singer, an assassin and a police detective to help a young girl who had a hit placed on her after she stole a rare diamond from a crime lord.",149.365,https://image.tmdb.org/t/p/w300/h4VB6m0RwcicVEZvzftYZyKXs6K.jpg,2020-02-05,Birds of Prey (and the Fantabulous Emancipation of One Harley Quinn),false,7.2,6490,,
false,https://image.tmdb.org/t/p/w300/tWxCVe4rQZa3BvR3tMT3t74oVTT.jpg,28,878,,,713825,en,Robot Riot,Unconscious soldiers are dropped into a testing site only to discover their memories have been wiped and that once docile machines are the new intelligence.,147.098,https://image.tmdb.org/t/p/w300/pXv4qbWyj6ycMaWkK2LzlizZQjf.jpg,2020-12-23,Robot Riot,false,2.6,7,,
false,https://image.tmdb.org/t/p/w300/jkJ0aOSLveT9N6csgRxAAotPwJ.jpg,53,27,,,715239,en,Triggered,"Nine friends, all harboring a dark secret, go camping in the woods. After a wild night of partying, they wake up with suicide bombs strapped to their chests, all with varying times on their countdown clocks. They decide to work out how to disarm the bombs or find help - until they discover they can 'take' one another's time by killing each other.",226.076,https://image.tmdb.org/t/p/w300/KvhqUA8EtywXYCHb9up4cnG5en.jpg,2020-08-28,Triggered,false,6.2,14,,
false,https://image.tmdb.org/t/p/w300/pcIwP8OdcYk1hFyDLHs3Mrrb7PR.jpg,28,14,53,,489326,en,Mortal,A young boy must discover the origins of his extraordinary powers before he is captured by authorities hell-bent on condemning him for an accidental murder.,214.379,https://image.tmdb.org/t/p/w300/aVbqhqYtlxwEGihTEhewZAgDOCX.jpg,2020-02-28,Mortal,false,6.5,220,,
false,https://image.tmdb.org/t/p/w300/650xHCrA3hlEXggrfPiVKhkAqmb.jpg,16,10751,35,,768509,en,Captain Underpants: Mega Blissmas,Christmas gets weird - really weird - after George and Harold go back in time to change up a few of their beloved holiday's traditions.,188.855,https://image.tmdb.org/t/p/w300/uiiM9DiRWLyXJfGCQe03CseURFo.jpg,2020-12-04,Captain Underpants: Mega Blissmas,false,5.8,4,,
false,https://image.tmdb.org/t/p/w300/e1zdlboXWPtOgY5TgeEEhYhJ098.jpg,27,53,,,728791,en,Playhouse,"Reckless Jack Travis is an irreverent horror writer notorious for scaring audiences. But as he obsesses over creating a new theatre show set in a haunted Scottish castle, demonic disturbances from deep within the walls begin to prey on his troubled daughter. When the alarming supernatural forces start to close in on him too, Jack is forced to reckon with the terrifying consequences of creating such a dark and macabre play. But will he realise the danger of unearthing a historic curse and stop writing before he damns himself, his personal sanity and those he loves forever?",212.722,https://image.tmdb.org/t/p/w300/cF4tZH8VQ6Lic3bi4WKwWDJODQf.jpg,2021-01-28,Playhouse,false,0,0,,
false,https://image.tmdb.org/t/p/w300/36xTkr5CxVGKqe55q6lxVa8LyK3.jpg,35,10751,,,755339,pt,Tudo Bem no Natal Que Vem,"After taking a very nasty fall on Christmas Eve, grinchy Jorge blacks out and wakes up one year later, with no memory of the year that has passed. He soon realizes that he’s doomed to keep waking up on Christmas Eve after Christmas Eve, having to deal with the aftermath of what his other self has done the other 364 days of the year.",199.425,https://image.tmdb.org/t/p/w300/pv4e8yKGMJAaZihYPFUjYHsG8Ob.jpg,2020-12-03,Just Another Christmas,false,7.6,182,,
false,https://image.tmdb.org/t/p/w300/eo6pahstCYRUm0Lk4MORmfCs2SH.jpg,16,,,,752455,en,Angela's Christmas Wish,"A determined Angela makes a wish to reunite her family in time for Christmas, then launches a plan to find her way from Ireland to Australia.",182.129,https://image.tmdb.org/t/p/w300/eu747ko823mktL3ygo7ohdZznP7.jpg,2020-12-01,Angela's Christmas Wish,false,6.2,40,,
false,https://image.tmdb.org/t/p/w300/yY35sdVZtJXjeBONWH8HBXnxDgD.jpg,10751,16,35,12,508442,en,Soul,"Joe Gardner is a middle school teacher with a love for jazz music. After a successful gig at the Half Note Club, he suddenly gets into an accident that separates his soul from his body and is transported to the You Seminar, a center in which souls develop and gain passions before being transported to a newborn child. Joe must enlist help from the other souls-in-training, like 22, a soul who has spent eons in the You Seminar, in order to get back to Earth.",228.647,https://image.tmdb.org/t/p/w300/hm58Jw4Lw8OIeECIq5qyPYhAeRJ.jpg,2020-12-25,Soul,false,10,3,10402,14
false,https://image.tmdb.org/t/p/w300/pY2Zh4ki7pS5BkAX2z3JLx5gzM1.jpg,10751,16,,,766534,en,A Go! Go! Cory Carson Christmas,"When a familiar-looking stranger crashes in without a memory, cory helps him remember the magic of Christmas to save the holiday for everyone",200.297,https://image.tmdb.org/t/p/w300/fTsULguy08O7nRmkhifnGtAcDq9.jpg,2020-11-27,A Go! Go! Cory Carson Christmas,false,7.5,6,,
false,https://image.tmdb.org/t/p/w300/jGVQ3HdSTdv6OidEhX88Z5Lpiru.jpg,35,,,,676838,es,El Testamento de la Abuela,"When the grandmother decides that it is time to put the family affairs in order, the fights begin to inherit the house. A sequel to 'Grandma's Wedding'.",179.532,https://image.tmdb.org/t/p/w300/h1BZHYQl3pGOgaGDK6zwrOsYIop.jpg,2020-10-09,El Testamento de la Abuela,false,6.8,17,,
false,https://image.tmdb.org/t/p/w300/75ooojtgiKYm5LcCczbCexioZze.jpg,35,,,,660982,en,American Pie Presents: Girls' Rules,"It's Senior year at East Great Falls. Annie, Kayla, Michelle, and Stephanie decide to harness their girl power and band together to get what they want their last year of high school.",193.355,https://image.tmdb.org/t/p/w300/xqvX5A24dbIWaeYsMTxxKX5qOfz.jpg,2020-10-06,American Pie Presents: Girls' Rules,false,6.2,176,,
false,https://image.tmdb.org/t/p/w300/DpPoSYKlfcHUdOLQNdaUiF7liS.jpg,10749,18,,,568467,en,Ammonite,"In 1840s England, palaeontologist Mary Anning and a young woman sent by her husband to convalesce by the sea develop an intense relationship. Despite the chasm between their social spheres and personalities, Mary and Charlotte discover they can each offer what the other has been searching for: the realisation that they are not alone. It is the beginning of a passionate and all-consuming love affair that will defy all social bounds and alter the course of both lives irrevocably.",192.761,https://image.tmdb.org/t/p/w300/5lx4pUHWZoOKJWsVsvurRRNW9FK.jpg,2020-11-13,Ammonite,false,7.2,72,,
false,https://image.tmdb.org/t/p/w300/a9jZrU7LJk6mAUjmkbEmTiC52l0.jpg,35,10751,18,,425001,en,The War with Grandpa,"Peter is thrilled that his Grandpa is coming to live with his family. That is, until Grandpa moves into Peter's room, forcing him upstairs into the creepy attic. And though he loves his Grandpa, he wants his room back - so he has no choice but to declare war.",202.542,https://image.tmdb.org/t/p/w300/yUFbPtWeDbVR3zmqshOaL5lScyo.jpg,2020-08-27,The War with Grandpa,false,6.4,212,,
false,https://image.tmdb.org/t/p/w300/cFVgXPmF8UMGH67roYd4e3QaAHP.jpg,878,28,80,,655431,ja,サイコパス 3 FIRST INSPECTOR,"Inspector Kei Mikhail Ignatov finds himself involved with an organization named Bifrost with the possibility of freeing his wife if he betrays Unit One. Koichi Azusawa coordinates an assault on the Public Safety Bureau tower using his hacker Obata, locking down the building and kidnapping Inspector Arata Shindo. Azusawa demands that governor Karina Komiya resign from her position.",191.511,https://image.tmdb.org/t/p/w300/m2RzGRMbdMUcp8S3PYtlPpHa83g.jpg,2020-03-27,Psycho-Pass 3: First Inspector,false,7.5,15,,
false,,,,,,749336,en,Star Wars: Wrath of the Mandalorian,"Years after the Clone Wars end, Darth Vader sends bounty hunter Boba Fett to Kashyyyk to track down the last of the Jedi. Fett, motivated by revenge for his father's death, proves effective - but he soon finds out a terrible truth about Vader while on the hunt that gives him a change of heart.",193.199,https://image.tmdb.org/t/p/w300/ksil1FjB7AfNk34LAti0636pyTd.jpg,2008-07-06,Star Wars: Wrath of the Mandalorian,false,7.1,17,,
false,https://image.tmdb.org/t/p/w300/2it7SlRcp5UE0G38nL6oLMuqcAx.jpg,27,,,,681429,es,Cuidado con lo que deseas,"Pamela is an eight-year-old girl who loves horror movies and fairy tales. When his uncle gives her away a doll named ""Hellequin"" as a birthday gift, a tale of betrayal begins to unfold before her eyes.",185.891,https://image.tmdb.org/t/p/w300/lG6Wx5tWOEHkOuexEvNYha3ofvM.jpg,2020-04-24,Be Careful What You Wish For,false,7,58,,
false,https://image.tmdb.org/t/p/w300/4dtbvoAaqiM3fVwzdffLxUdAiY6.jpg,10751,35,14,,8871,en,How the Grinch Stole Christmas,"Inside a snowflake exists the magical land of Whoville. In Whoville, live the Whos, an almost mutated sort of Munchkin-like people. All the Whos love Christmas, yet just outside of their beloved Whoville lives the Grinch. The Grinch is a nasty creature that hates Christmas, and plots to steal it away from the Whos, whom he equally abhors. Yet a small child, Cindy Lou Who, decides to try befriending the Grinch.",217.283,https://image.tmdb.org/t/p/w300/1WZbbPApEivA421gCOluuzMMKCk.jpg,2000-11-17,How the Grinch Stole Christmas,false,6.7,4946,,
false,https://image.tmdb.org/t/p/w300/vam9VHLZl8tqNwkp1zjEAxIOrkk.jpg,10751,14,10770,,671583,en,Upside-Down Magic,"Nory and her best friend Reina enter the Sage Academy for Magical Studies, where Nory’s unconventional powers land her in a class for those with wonky, or “upside-down,” magic. Undaunted, Nory sets out to prove that that upside-down magic can be just as powerful as right-side-up.",192.112,https://image.tmdb.org/t/p/w300/h9vTJ78h0SASYUxg4jV0AQ00oF2.jpg,2020-07-31,Upside-Down Magic,false,7.8,85,,
false,https://image.tmdb.org/t/p/w300/htBUhLSS7FfHtydgYxUWjL3J1Q1.jpg,16,12,10751,14,560050,en,Over the Moon,"In this animated musical, a girl builds a rocket ship and blasts off, hoping to meet a mythical moon goddess.",189.232,https://image.tmdb.org/t/p/w300/lQfdytwN7eh0tXWjIiMceFdBBvD.jpg,2020-10-16,Over the Moon,false,7.6,561,,
false,https://image.tmdb.org/t/p/w300/gkvOmVXdukAwpG8LjTaHo2l2cWU.jpg,27,9648,,,571384,en,Come Play,"A lonely young boy feels different from everyone else. Desperate for a friend, he seeks solace and refuge in his ever-present cell phone and tablet. When a mysterious creature uses the boy’s devices against him to break into our world, his parents must fight to save their son from the monster beyond the screen.",190.034,https://image.tmdb.org/t/p/w300/e98dJUitAoKLwmzjQ0Yxp1VQrnU.jpg,2020-10-28,Come Play,false,6.5,140,,
false,https://image.tmdb.org/t/p/w300/4br4B8C0SRIYcKHUgoaOlGo50MU.jpg,27,,,,575088,ru,Яга. Кошмар тёмного леса,"The young family who moved to a new apartment on the outskirts of the city. The nanny hired by them for the newborn daughter quickly gained confidence. However, the older boy, Egor, talks about the frightening behavior of a woman, but his parents do not believe him. The surveillance cameras installed by the father for comfort only confirm everything is in order. Then one day, Egor, returning home, finds no trace of either the nanny or the little sister, and the parents are in a strange trance and do not even remember that they had a daughter. Then Egor, together with his friends, goes in search, during which it turns out that the nanny is an ancient Slavic demon, popularly known as Baba Yaga.",195.542,https://image.tmdb.org/t/p/w300/8m5HTXzwewlfXhtZtLlLts53YTW.jpg,2020-02-27,Baba Yaga: Terror of the Dark Forest,false,6.6,68,,
false,https://image.tmdb.org/t/p/w300/ySHlkHDbXztjdjRJ0pZN7FXRnaW.jpg,16,12,28,14,631132,ja,ゴブリンスレイヤー -GOBLIN'S CROWN-,"Goblin Slayer and his party head up to the snowy mountains in the north after receiving that request from the Sword Maiden to find any information on the Noble Fencer that disappeared after leaving to slay some goblins. A small village gets attacked, they encounter a mysterious chapel, and something about how these goblins are acting bothers the Goblin slayer.  In order to save the captured Noble Fencer, the Goblin Slayer and his party head to an ancient fortress covered in snow to face off with a powerful foe and a horde of goblins!",179.277,https://image.tmdb.org/t/p/w300/oyDaF4za9C9GxfYSyZUmj2aZGJT.jpg,2020-02-01,Goblin Slayer: Goblin's Crown,false,7.9,86,,
false,https://image.tmdb.org/t/p/w300/jOWgFmD1H5t6nL7ChbmX8oDFUZl.jpg,10749,35,,,520172,en,Happiest Season,A young woman's plans to propose to her girlfriend while at her family's annual holiday party are upended when she discovers her partner hasn't yet come out to her conservative parents.,176.827,https://image.tmdb.org/t/p/w300/vzec9kkOSE93tygyfOktedkeOQ.jpg,2020-11-26,Happiest Season,false,7.6,288,,
false,https://image.tmdb.org/t/p/w300/lmZFxXgJE3vgrciwuDib0N8CfQo.jpg,12,28,878,,299536,en,Avengers: Infinity War,"As the Avengers and their allies have continued to protect the world from threats too large for any one hero to handle, a new danger has emerged from the cosmic shadows: Thanos. A despot of intergalactic infamy, his goal is to collect all six Infinity Stones, artifacts of unimaginable power, and use them to inflict his twisted will on all of reality. Everything the Avengers have fought for has led up to this moment - the fate of Earth and existence itself has never been more uncertain.",199.601,https://image.tmdb.org/t/p/w300/7WsyChQLEftFiDOVTGkv3hFpyyt.jpg,2018-04-25,Avengers: Infinity War,false,8.3,20436,,
false,https://image.tmdb.org/t/p/w300/lvNQKZUsw7pg79CROCFlIk8PT67.jpg,16,,,,627661,en,Cranston Academy: Monster Zone,An intelligent 15-year-old high school student is unexpectedly transferred to a boarding school where he opens a portal of monsters from another dimension.,179.206,https://image.tmdb.org/t/p/w300/iwWDHYlmiOXNBCsvhCDfccluLQK.jpg,2020-04-29,Cranston Academy: Monster Zone,false,6.7,40,,
false,https://image.tmdb.org/t/p/w300/6C7ZGYeR8QpT3X6C2RFEu6yiSKK.jpg,10751,14,10402,,622855,en,Jingle Jangle: A Christmas Journey,"An imaginary world comes to life in a holiday tale of an eccentric toymaker, his adventurous granddaughter, and a magical invention that has the power to change their lives forever.",177.007,https://image.tmdb.org/t/p/w300/5RbyHIVydD3Krmec1LlUV7rRjet.jpg,2020-11-06,Jingle Jangle: A Christmas Journey,false,6.7,247,,
false,https://image.tmdb.org/t/p/w300/iXqWc2SoIg3mRLIPCdKdhtFSLiU.jpg,16,10751,,,768076,en,Dragons: Rescue Riders: Huttsgalor Holiday,Snowfall marks the start of Odinyule — the Viking holiday of giving! But crazy weather might cancel the tradition unless the Rescue Riders can swoop in.,173.9,https://image.tmdb.org/t/p/w300/3JZ3I9BDzVkDWRIGBl75MIig8Xg.jpg,2020-11-24,Dragons: Rescue Riders: Huttsgalor Holiday,false,5.5,4,,
false,https://image.tmdb.org/t/p/w300/x2lPPe2aH76uyYVhkVCtzTMYawC.jpg,16,10751,14,,656561,en,Alien Xmas,"A young elf mistakes a tiny alien for a Christmas gift, not knowing her new plaything has plans to destroy Earth's gravity — and steal all the presents.",184.34,https://image.tmdb.org/t/p/w300/3UGrAX6D1AMVra80jmUMUOLq8Qr.jpg,2020-11-20,Alien Xmas,false,6.9,67,,
false,https://image.tmdb.org/t/p/w300/bOZJ1qTOG9OaGkF6Wpfxcro1Pzu.jpg,35,18,,,472815,en,Buddy Games,"A group of friends reunite to play The Buddy Games, a wild assortment of absurd physical and mental challenges. In the process, they'll heal old wounds, right past wrongs and figure out the true meaning of friendship...or die trying.",172.054,https://image.tmdb.org/t/p/w300/uNCZh6YGg6r0GMyrctI14R0lHGL.jpg,2019-02-10,Buddy Games,false,5.7,22,,
false,https://image.tmdb.org/t/p/w300/yGL36gPU8fJqMwUtfoqA1qWiGOu.jpg,878,14,27,,674025,en,Aztech,Fragments of a meteor crash in Mexico and United States. Thirteen stories in different spaces and times happen in places of collisions .,166.49,https://image.tmdb.org/t/p/w300/t9ttLmZ3NJbgtnOsGyQNiF2ngJo.jpg,2020-11-20,Aztech,false,5.6,25,,
false,https://image.tmdb.org/t/p/w300/juc9wt7Eh2IarLL5S1yQ1a21O1A.jpg,16,10751,35,14,360920,en,The Grinch,The Grinch hatches a scheme to ruin Christmas when the residents of Whoville plan their annual holiday celebration.,200.815,https://image.tmdb.org/t/p/w300/stAu0oF6dYDhV5ssbmFUYkQPtCP.jpg,2018-11-08,The Grinch,false,6.8,2351,,
false,https://image.tmdb.org/t/p/w300/nxxODhq9I05Ze9uLONGvfDrzaUO.jpg,53,28,,,601165,en,Legacy of Lies,An ex-MI6 agent is thrown back into the world of espionage and high stakes to uncover the shocking truth about operations conducted by unknown secret services.,114.723,https://image.tmdb.org/t/p/w300/bhNHCeJDFDaB00A46AoCw2mggdE.jpg,2020-08-06,Legacy of Lies,false,5.7,111,,
false,https://image.tmdb.org/t/p/w300/fBNnj5bQ5YhzPUzxIW1UvLVZepP.jpg,53,27,,,420634,en,Terrifier,A maniacal clown named Art terrorizes three young women and everyone else who stands in his way on Halloween night.,148.758,https://image.tmdb.org/t/p/w300/nfRlQCl590F30L37aihuqBGBvaO.jpg,2016-10-15,Terrifier,false,6.4,327,,
false,https://image.tmdb.org/t/p/w300/h9DIlghaiTxbQbt1FIwKNbQvEL.jpg,28,12,53,,581387,ko,백두산,"Stagnant since 1903, at an elevation of 9000', a volcano erupts on the mythical and majestic Baekdu Mountain.",158.241,https://image.tmdb.org/t/p/w300/zoeKREZ2IdAUnXISYCS0E6H5BVh.jpg,2019-12-19,Ashfall,false,6.9,142,,
false,https://image.tmdb.org/t/p/w300/iijHf6VhDq8dETLhxczHGR1eXff.jpg,35,,,,767479,es,Sin hijos,,163.144,https://image.tmdb.org/t/p/w300/ejTO12C5vzoM0YF4tP35LZpMj2n.jpg,2020-07-27,Sin hijos,false,7.3,3,,
false,https://image.tmdb.org/t/p/w300/m5HPKCi7GdhKmxPTcOQmcLfEmZ9.jpg,12,35,16,14,532067,ja,この素晴らしい世界に祝福を！紅伝説,"It is not strange that the Demon Lord's forces fear the Crimson Demons, the clan from which Megumin and Yunyun originate. Even if the Demon Lord's generals attack their village, the Crimson Demons can just easily brush them off with their supreme mastery of advanced and overpowered magic.  When Yunyun receives a seemingly serious letter regarding a potential disaster coming to her hometown, she immediately informs Kazuma Satou and the rest of his party. After a series of wacky misunderstandings, it turns out to be a mere prank by her fellow demon who wants to be an author. Even so, Megumin becomes worried about her family and sets out toward the Crimson Demons' village with the gang.  There, Kazuma and the others decide to sightsee the wonders of Megumin's birthplace. However, they soon come to realize that the nonsense threat they received might have been more than just a joke.",155.471,https://image.tmdb.org/t/p/w300/j73LuQcA21KvkVFcroWWMN8tTJv.jpg,2019-08-30,KonoSuba: God's Blessing on this Wonderful World! Legend of Crimson,false,8.5,199,,
false,https://image.tmdb.org/t/p/w300/1u6RzWdFo4COegWqd6TydL3v9NS.jpg,18,10749,878,12,401513,ru,Притяжение,"After an alien ship crash lands in a Russian city, many who see the inside and the occupants start to question their own existence while others demand the aliens leave Earth.",181.161,https://image.tmdb.org/t/p/w300/2lz2GVDsgMlGYSzPl8BeKqqU7MQ.jpg,2017-01-26,Attraction,false,6.4,473,,
false,https://image.tmdb.org/t/p/w300/afMyocyc9QHdksy5EAJW6Mm2rt4.jpg,16,14,,,50253,ja,聖闘士星矢 天界編 序奏 ~overture~,"After the bloody battle against Hades, the goddess Athena and her saints are still recovering when they find themselves face to face with their newest and most formidable foe: the dreadful moon goddess Artemis. Artemis replaces Athena as the earth guardian deity and takes over the Sanctuary, turning Athena's Saints into her servants.  Upon invading the Sanctuary, the Bronze Saints learn that Athena was banished by Artemis and decide to fight the moon goddess in order to rescue their true goddess and free the Earth from Artemis's ominous control.",167.295,https://image.tmdb.org/t/p/w300/yiCGFrbjG35dU8ToxOcNlcJdStO.jpg,2004-02-14,Saint Seiya Heaven Chapter: Overture,false,7.7,128,,
false,https://image.tmdb.org/t/p/w300/tDoOnGlfCDn6etsWMEzrg40lM4b.jpg,53,28,12,878,44833,en,Battleship,"When mankind beams a radio signal into space, a reply comes from ‘Planet G’, in the form of several alien crafts that splash down in the waters off Hawaii. Lieutenant Alex Hopper is a weapons officer assigned to the USS John Paul Jones, part of an international naval coalition which becomes the world's last hope for survival as they engage the hostile alien force of unimaginable strength. While taking on the invaders, Hopper must also try to live up to the potential that his brother, and his fiancée's father—an Admiral—expect of him.",240.703,https://image.tmdb.org/t/p/w300/mXb3hot6ZW4hMfpZSK7UtD70WgM.jpg,2012-04-11,Battleship,false,5.7,3996,,
false,https://image.tmdb.org/t/p/w300/dIH6z2aEX5xjDNpgJazFnA7Vsob.jpg,10749,18,14,,470610,en,Endless,"When madly in love high school graduates Riley and Chris are separated by a tragic car accident, Riley blames herself for her boyfriend's death while Chris is stranded in limbo. Miraculously, the two find a way to connect. In a love story that transcends life and death, both Riley and Chris are forced to learn the hardest lesson of all: letting go.",145.406,https://image.tmdb.org/t/p/w300/1ZViaX2oRnI0uM3Gf87Z7eCZ3hE.jpg,2020-04-09,Endless,false,6.9,90,,
false,https://image.tmdb.org/t/p/w300/1Lhc32P0a62BgMFgd20wXR1osR3.jpg,16,12,35,10751,732670,en,The Lego Star Wars Holiday Special,"Rey leaves her friends to prepare for Life Day as she sets off on an adventure to gain a deeper knowledge of the Force. At a mysterious temple, she is hurled into a cross-timeline adventure. Will she make it back in time for Life Day?",158.845,https://image.tmdb.org/t/p/w300/zyzJSI7UZZzz5Toj10rYGF5689z.jpg,2020-11-17,The Lego Star Wars Holiday Special,false,7.4,78,878,
false,https://image.tmdb.org/t/p/w300/iiWUqHA6RyrYkzF3l5o2deumtOv.jpg,18,28,,,8456,en,Never Back Down,"Rebellious Jake Tyler is lured into an ultimate underground fight Scene at his new high school, after receiving threats to the safety of his friends and family Jake decides to seek the mentoring of a veteran fighter who trains him for one final no-holds-barred elimination fight with his nemesis and local martial arts champion Ryan McCarthy.",156.291,https://image.tmdb.org/t/p/w300/mYkTq569KOtjdq5zo9mrEY6ecip.jpg,2008-03-04,Never Back Down,false,6.7,1619,,
false,https://image.tmdb.org/t/p/w300/xJWPZIYOEFIjZpBL7SVBGnzRYXp.jpg,16,10751,12,35,330457,en,Frozen II,"Elsa, Anna, Kristoff and Olaf head far into the forest to learn the truth about an ancient mystery of their kingdom.",166.202,https://image.tmdb.org/t/p/w300/qXsndsv3WOoxszmdlvTWeY688eK.jpg,2019-11-20,Frozen II,false,7.3,6649,14,
false,https://image.tmdb.org/t/p/w300/l8ubUlfzlB5R2j9cJ3CN7tj0gmd.jpg,28,10749,16,,317442,ja,The Last: Naruto the Movie,"Two years after the events of the Fourth Great Ninja War, the moon that Hagoromo Otsutsuki created long ago to seal away the Gedo Statue begins to descend towards the world, threatening to become a meteor that would destroy everything on impact. Amidst this crisis, a direct descendant of Kaguya Otsutsuki named Toneri Otsutsuki attempts to kidnap Hinata Hyuga but ends up abducting her younger sister Hanabi. Naruto and his allies now mount a rescue mission before finding themselves embroiled in a final battle to decide the fate of everything.",170.262,https://image.tmdb.org/t/p/w300/bAQ8O5Uw6FedtlCbJTutenzPVKd.jpg,2014-12-06,The Last: Naruto the Movie,false,7.8,794,,
false,https://image.tmdb.org/t/p/w300/hbrXbVoE0NuA1ORoSGGYNASagrl.jpg,35,,,,740985,en,Borat Subsequent Moviefilm,"14 years after making a film about his journey across the USA, Borat risks life and limb when he returns to the United States with his young daughter, and reveals more about the culture, the COVID-19 pandemic, and the political elections.",164.789,https://image.tmdb.org/t/p/w300/kwh9dYvZLn7yJ9nfU5sPj2h9O7l.jpg,2020-10-23,Borat Subsequent Moviefilm,false,6.6,1103,,
false,https://image.tmdb.org/t/p/w300/zLTfRrrVXNW3OWUk6U1eFZhB18m.jpg,28,35,16,,347201,ja,BORUTO -NARUTO THE MOVIE-,"Boruto is the son of the 7th Hokage Naruto who completely rejects his father. Behind this, he has feelings of wanting to surpass Naruto, who is respected as a hero. He ends up meeting his father's friend Sasuke, and requests to become... his apprentice!? The curtain on the story of the new generation written by Masashi Kishimoto rises!",157.975,https://image.tmdb.org/t/p/w300/1k6iwC4KaPvTBt1JuaqXy3noZRY.jpg,2015-08-07,Boruto: Naruto the Movie,false,7.8,652,,
false,https://image.tmdb.org/t/p/w300/7RyHsO4yDXtBv1zUU3mTpHeQ0d5.jpg,12,878,28,,299534,en,Avengers: Endgame,"After the devastating events of Avengers: Infinity War, the universe is in ruins due to the efforts of the Mad Titan, Thanos. With the help of remaining allies, the Avengers must assemble once more in order to undo Thanos' actions and restore order to the universe once and for all, no matter what consequences may be in store.",161.121,https://image.tmdb.org/t/p/w300/or06FN3Dka5tukK1e9sl16pB3iy.jpg,2019-04-24,Avengers: Endgame,false,8.3,16026,,
false,https://image.tmdb.org/t/p/w300/5gTQmnGYKxDfmUWJ9GUWqrszRxN.jpg,16,10751,9648,35,721656,en,"Happy Halloween, Scooby-Doo!","Scooby-Doo and the gang team up with their pals, Bill Nye The Science Guy and Elvira Mistress of the Dark, to solve this mystery of gigantic proportions and save Crystal Cove!",154.981,https://image.tmdb.org/t/p/w300/5aL71e0XBgHZ6zdWcWeuEhwD2Gw.jpg,2020-10-06,"Happy Halloween, Scooby-Doo!",false,7.9,89,80,
false,https://image.tmdb.org/t/p/w300/uO6ZUez70Twan92pqoV60T9kiGH.jpg,99,,,,440249,en,After Porn Ends 2,"After Porn Ends 2 picks up where its predecessor left off and not only turns back the clock to meet the oldest living stars in adult film's history, but goes in depth with some of Its most current retirees and juxtaposes their experiences in a life after porn. Delving deeper into society's ongoing stigmas of race, misogyny, and the reality of decreasing opportunities for these former VHS box cover stars. For some, their careers in adult entertainment is accepted proudly and without regret. In fact, it seems to have proven to be the pathway to their current happiness and inner peace. For others, however, a career in porn has proven to be a conduit to certain despair as they struggle to find a way to bury their past and emerge with a new career or calling.",146.831,https://image.tmdb.org/t/p/w300/rfItXrtDGILwsCdmgVxX79phFuI.jpg,2017-03-28,After Porn Ends 2,false,5.2,132,,
false,https://image.tmdb.org/t/p/w300/hrMbAi9fPTmc6EtpyyAgDKznptu.jpg,10749,18,,,398818,en,Call Me by Your Name,"In 1980s Italy, a relationship begins between seventeen-year-old teenage Elio and the older adult man hired as his father's research assistant.",143.351,https://image.tmdb.org/t/p/w300/tcNniniS4rfqrLH0oORikJfnIwY.jpg,2017-09-01,Call Me by Your Name,false,8.3,8343,,
false,https://image.tmdb.org/t/p/w300/poRKW1DNzNXfZQPPSGDVaRcwN7a.jpg,10770,16,10751,,359983,en,The Lion Guard: Return of the Roar,"Set in the African savannah, the film follows Kion as he assembles the members of the 'Lion Guard'. Throughout the film, the diverse team of young animals will learn how to utilize each of their unique abilities to solve problems and accomplish tasks to maintain balance within the Circle of Life, while also introducing viewers to the vast array of animals that populate the prodigious African landscape.",149.141,https://image.tmdb.org/t/p/w300/duqg6CiSik02nSXjiQHo8TcwY4b.jpg,2015-11-22,The Lion Guard: Return of the Roar,false,6.1,160,,
false,https://image.tmdb.org/t/p/w300/1BLx3PDYijbiSPbyozIZESel5Uu.jpg,53,18,,,480434,en,Dreamland,"Amid the dust storms and economic depression of Dust Bowl Era Oklahoma, Eugene Evans finds his family farm on the brink of foreclosure. Discovering fugitive bank robber Allison Wells hiding in his small town, he is torn between claiming the bounty on her head and his growing attraction to the seductive criminal.",156.68,https://image.tmdb.org/t/p/w300/v8ax79K6TZEnMqSS5ePrNCnrK8R.jpg,2020-11-13,Dreamland,false,7,27,,
false,https://image.tmdb.org/t/p/w300/pO1SnM5a1fEsYrFaVZW78Wb0zRJ.jpg,10751,16,12,35,677638,en,We Bare Bears: The Movie,"When Grizz, Panda, and Ice Bear's love of food trucks and viral videos get out of hand, the brothers are chased away from their home and embark on a trip to Canada, where they can live in peace.",153.704,https://image.tmdb.org/t/p/w300/kPzcvxBwt7kEISB9O4jJEuBn72t.jpg,2020-06-30,We Bare Bears: The Movie,false,7.8,575,10770,
false,https://image.tmdb.org/t/p/w300/7WKIOXJa2JjHygE8Yta3uaCv6GC.jpg,28,,,,697064,en,Beckman,"A contract killer, becomes the reverend of a LA church, until a cult leader and his minions kidnap his daughter. Blinded by vengeance, he cuts a bloody path across the city. The only thing that can stop him is his newfound faith.",152.058,https://image.tmdb.org/t/p/w300/z0r3YjyJSLqf6Hz0rbBAnEhNXQ7.jpg,2020-09-10,Beckman,false,6.1,28,,
false,https://image.tmdb.org/t/p/w300/obExOU9qDnMcxvWPumoD14oxup5.jpg,53,,,,509635,en,Alone,"A recently widowed traveler is kidnapped by a cold blooded killer, only to escape into the wilderness where she is forced to battle against the elements as her pursuer closes in on her.",140.103,https://image.tmdb.org/t/p/w300/n9OzZmPMnVrV0cMQ7amX0DtBkQH.jpg,2020-09-10,Alone,false,6.2,135,,
false,https://image.tmdb.org/t/p/w300/oSSEcPDfwgZSv2i01Oqxdb9t8fI.jpg,28,12,35,14,621870,en,Secret Society of Second Born Royals,"Sam is a teenage royal rebel, second in line to the throne of the kingdom of Illyria. Just as her disinterest in the royal way of life is at an all-time high, she discovers she has super-human abilities and is invited to join a secret society of similar extraordinary second-born royals charged with keeping the world safe.",143.257,https://image.tmdb.org/t/p/w300/xOmGTJtBgRVSAF4S5dZEUqHqyy5.jpg,2020-09-25,Secret Society of Second Born Royals,false,6.9,260,,
false,https://image.tmdb.org/t/p/w300/jLS805N4QmLVPurQwuaCFTNEZss.jpg,16,10751,12,14,436931,ja,劇場版 ポケットモンスター キミにきめた！,"This is the story of how Satoshi and Pikachu first met. At first, Pikachu was disobedient towards Satoshi, but Satoshi only wanted to be friends with Pikachu. On the day they set out from Masara Town, both of them saw a Ho-Oh flying and they made a vow to meet it.",129.177,https://image.tmdb.org/t/p/w300/cmpOaiRtjnhLNF2iPslMXCOcVJ.jpg,2017-07-15,Pokémon the Movie: I Choose You!,false,7.1,416,,
false,https://image.tmdb.org/t/p/w300/z8TvnEVRenMSTemxYZwLGqFofgF.jpg,14,28,12,,458576,en,Monster Hunter,"A portal transports Lt. Artemis and an elite unit of soldiers to a strange world where powerful monsters rule with deadly ferocity. Faced with relentless danger, the team encounters a mysterious hunter who may be their only hope to find a way home.",139.114,https://image.tmdb.org/t/p/w300/zO9R7Z6DRDgRO9QVz4lAJg3L15o.jpg,2020-12-03,Monster Hunter,false,5.7,23,,
false,https://image.tmdb.org/t/p/w300/8moTOzunF7p40oR5XhlDvJckOSW.jpg,27,14,,,474350,en,It Chapter Two,"27 years after overcoming the malevolent supernatural entity Pennywise, the former members of the Losers' Club, who have grown up and moved away from Derry, are brought back together by a devastating phone call.",146.556,https://image.tmdb.org/t/p/w300/zfE0R94v1E8cuKAerbskfD3VfUt.jpg,2019-09-04,It Chapter Two,false,6.9,5472,,
false,https://image.tmdb.org/t/p/w300/5gllGAa3c9UqeRI8r6GXiQJIEtp.jpg,53,27,,,621151,en,Spell,"A father survives a plane crash in rural Appalachia, but becomes suspicious of the elderly couple who take him in to nurse him back to health with the ancient remedies.",139.571,https://image.tmdb.org/t/p/w300/4rjHhj1BAREc9zNFU8FheLJQdFf.jpg,2020-10-30,Spell,false,5.4,50,,
false,https://image.tmdb.org/t/p/w300/j9uiJPliO5q6xeBO1Buaeqs2qr0.jpg,878,18,27,,594718,ru,Sputnik,"At the height of the Cold War, a Soviet spacecraft crash lands after a mission gone awry, leaving the commander as its only survivor. After a renowned Russian psychologist is brought in to evaluate the commander’s mental state, it becomes clear that something dangerous may have come back to Earth with him…",145.532,https://image.tmdb.org/t/p/w300/eAUzmhP54bE1vPXaY7FbuZREJlR.jpg,2020-09-08,Sputnik,false,6.5,96,,
false,https://image.tmdb.org/t/p/w300/hziiv14OpD73u9gAak4XDDfBKa2.jpg,12,14,,,671,en,Harry Potter and the Philosopher's Stone,"Harry Potter has lived under the stairs at his aunt and uncle's house his whole life. But on his 11th birthday, he learns he's a powerful wizard -- with a place waiting for him at the Hogwarts School of Witchcraft and Wizardry. As he learns to harness his newfound powers with the help of the school's kindly headmaster, Harry uncovers the truth about his parents' deaths -- and about the villain who's to blame.",145.808,https://image.tmdb.org/t/p/w300/wuMc08IPKEatf9rnMNXvIDxqP4W.jpg,2001-11-16,Harry Potter and the Philosopher's Stone,false,7.9,19023,,
false,https://image.tmdb.org/t/p/w300/lkeBhXGJFRlhI7cBWn8LQQAdZqK.jpg,16,878,35,10402,594328,en,Phineas and Ferb The Movie: Candace Against the Universe,"Phineas and Ferb travel across the galaxy to rescue their older sister Candace, who has been abducted by aliens and taken to a utopia in a far-off planet, free of her pesky little brothers.",140.759,https://image.tmdb.org/t/p/w300/n6hptKS7Y0ZjkYwbqKOK3jz9XAC.jpg,2020-08-28,Phineas and Ferb The Movie: Candace Against the Universe,false,7.4,168,10751,12
false,https://image.tmdb.org/t/p/w300/wCkGiBE4swpWwJ0C8zJLr0WNH04.jpg,12,28,53,,52451,en,The Three Musketeers,The hot-headed young D'Artagnan along with three former legendary but now down on their luck Musketeers must unite and defeat a beautiful double agent and her villainous employer from seizing the French throne and engulfing Europe in war.,206.053,https://image.tmdb.org/t/p/w300/w2LbQ8FvZiQpWvZyHljaOeiNknK.jpg,2011-08-31,The Three Musketeers,false,5.8,1963,,
false,https://image.tmdb.org/t/p/w300/cIGPPTfxKvoezGB4yxmIqa33ROn.jpg,10749,35,10770,,734280,en,Midnight at the Magnolia,Longtime friends and local radio hosts Maggie and Jack fake it as a couple for their families and listeners in hopes of getting their show syndicated.,129.358,https://image.tmdb.org/t/p/w300/137bMICR7Gs2lO63DLjbFQftefv.jpg,2020-11-05,Midnight at the Magnolia,false,6.3,86,,
false,https://image.tmdb.org/t/p/w300/sQENipE4TjyTnY8xBZvPKzi23jo.jpg,28,10752,,,627879,en,Rogue Warfare,"A group of military elite from the U.S., Russia, UK, China and France join forces to fight an elite underground terrorist network.",147.198,https://image.tmdb.org/t/p/w300/78hDh9EHDMbox4FlKlOrRfrmgpU.jpg,2019-10-04,Rogue Warfare,false,5.7,88,,
false,https://image.tmdb.org/t/p/w300/3mblEJRxmVT8mKiPyhF9kNHf6oC.jpg,18,,,,768566,es,El día que me perdí,"Xochil is a woman who must immerse in her past to find herself, opening the doors to a world that she thought was long forgotten.",112.132,https://image.tmdb.org/t/p/w300/moCnnkbzhMPp8YkxCakXDdi2Y5.jpg,2020-11-01,El día que me perdí,false,6,2,,
false,https://image.tmdb.org/t/p/w300/tGxKtDoIPqWM4XYjHutqH2hn5ca.jpg,18,10749,,,628333,en,Wild Mountain Thyme,"Headstrong farmer Rosemary Muldoon has her heart set on winning her neighbour Anthony Reilly's love. The problem is, Anthony seems to have inherited a family curse, and remains oblivious to his beautiful admirer. Stung by his father's plans to sell the family farm to his American nephew, Anthony is jolted into pursuing his dreams.",200.271,https://image.tmdb.org/t/p/w300/vMW81htT6Kki8x0G4UNb7l48iIr.jpg,2020-12-11,Wild Mountain Thyme,false,7.3,6,,
false,https://image.tmdb.org/t/p/w300/riy51I77gAw3KyPfceihkSHxaHY.jpg,878,12,,,517096,ru,Вратарь Галактики,"Cosmoball is a mesmerizing intergalactic game of future played between humans and aliens at the giant extraterrestrial ship hovering in the sky over Earth. A young man with enormous power of an unknown nature joins the team of hot-headed superheroes in exchange for a cure for his mother’s deadly illness. The Four from Earth will fight not only to defend the honor of their home planet in the spectacular game, but to face the unprecedented threat to the Galaxy and embrace their own destiny.",199.857,https://image.tmdb.org/t/p/w300/bSpmhdaslwYH2fn2mj7cRcrN5Vi.jpg,2020-08-27,Cosmoball,false,5.1,16,,
false,https://image.tmdb.org/t/p/w300/sizHX5VbwlBihaathTQHVGk1jdi.jpg,878,,,,514207,ru,Вторжение,"After the fall of the alien ship, it took three years. The catastrophe turned the girl's life from Chertanovo and forever changed our view of the universe. It seems that this was the biggest test for all of us. But mankind does not yet know that very soon he will have to experience a new meeting.",144.692,https://image.tmdb.org/t/p/w300/dqKqzcdhtJwOhjqe89RTURqILtl.jpg,2020-01-01,Invasion,false,6.9,452,,
false,https://image.tmdb.org/t/p/w300/cmZVWuXM1hpP2GKFABCUkoscKu4.jpg,16,10402,,,738215,en,Barbie: Princess Adventure,"With new friends in a new kingdom, Barbie learns what it means to be herself when she trades places with a royal lookalike in this musical adventure.",127.705,https://image.tmdb.org/t/p/w300/AwkmMTKJBAatbeAVhTwhcU3Pyp4.jpg,2020-09-01,Barbie: Princess Adventure,false,7.8,108,,
false,https://image.tmdb.org/t/p/w300/zqkmTXzjkAgXmEWLRsY4UpTWCeo.jpg,12,28,878,,11,en,Star Wars,Princess Leia is captured and held hostage by the evil Imperial forces in their effort to take over the galactic Empire. Venturesome Luke Skywalker and dashing captain Han Solo team together with the loveable robot duo R2-D2 and C-3PO to rescue the beautiful princess and restore peace and justice in the Empire.,147.33,https://image.tmdb.org/t/p/w300/6FfCtAuVAW8XJjZ7eWeLibRLWTw.jpg,1977-05-25,Star Wars,false,8.2,14750,,
false,https://image.tmdb.org/t/p/w300/h40cWbzOYZrpLhYnQeAJo4S4QMM.jpg,27,53,,,709642,en,Vampire Virus,"A young woman contracts a deadly virus after an unusual sexual encounter, and soon develops a taste for human blood.",124.255,https://image.tmdb.org/t/p/w300/xRyb5pjWdPSXvFpYUNibMPW91UE.jpg,2020-06-27,Vampire Virus,false,5.7,15,,
false,,18,14,10749,,553301,en,Your Name,J.J. Abrams and Paramount Pictures have announced they’ll be turning the critically acclaimed Japanese anime Your Name into a live-action film.,154.525,,,Your Name,false,0,0,,
false,https://image.tmdb.org/t/p/w300/88BrnbDOidx6Ulat8jxaNLbSxzW.jpg,16,12,10751,,313297,en,Kubo and the Two Strings,"Kubo mesmerizes the people in his village with his magical gift for spinning wild tales with origami. When he accidentally summons an evil spirit seeking vengeance, Kubo is forced to go on a quest to solve the mystery of his fallen samurai father and his mystical weaponry, as well as discover his own magical powers.",138.866,https://image.tmdb.org/t/p/w300/aZJ6KK1Wt7YB4dgZ0qlpaX3PwNV.jpg,2016-08-18,Kubo and the Two Strings,false,7.7,2631,,
false,https://image.tmdb.org/t/p/w300/xxA5AJBxgi1EPq9GO6cZtryAn1q.jpg,80,10749,18,28,597094,ja,初恋,A young boxer and a call girl get caught up in a drug-smuggling scheme over the course of one night in Tokyo.,192.448,https://image.tmdb.org/t/p/w300/9BacU3JOXFyHc5ZqrX7kM9UjpCw.jpg,2019-05-31,First Love,false,7,81,,
false,https://image.tmdb.org/t/p/w300/39kg1yGt9qxPwMuG1a5ysfe3gfG.jpg,12,14,,,12444,en,Harry Potter and the Deathly Hallows: Part 1,"Harry, Ron and Hermione walk away from their last year at Hogwarts to find and destroy the remaining Horcruxes, putting an end to Voldemort's bid for immortality. But with Harry's beloved Dumbledore dead and Voldemort's unscrupulous Death Eaters on the loose, the world is more dangerous than ever.",123.284,https://image.tmdb.org/t/p/w300/iGoXIpQb7Pot00EEdwpwPajheZ5.jpg,2010-10-17,Harry Potter and the Deathly Hallows: Part 1,false,7.8,13822,,
false,https://image.tmdb.org/t/p/w300/cgigaTI0slw8MRZZMODaDnmAsmL.jpg,28,12,16,878,65291,en,Green Lantern: Emerald Knights,"As the home planet of the Green Lantern Corps faces a battle with an ancient enemy, Hal Jordan prepares new recruit Arisia for the coming conflict by relating stories of the first Green Lantern and several of Hal's comrades.",135.788,https://image.tmdb.org/t/p/w300/jT9L05KLeQIhfbxqeViwbGLxT59.jpg,2011-04-09,Green Lantern: Emerald Knights,false,6.7,322,18,
false,https://image.tmdb.org/t/p/w300/rq9kv233eEKnYfe8r5fi8SP5T7e.jpg,18,53,,,671145,en,Before the Fire,"Deep in the throes of a global pandemic, up and coming TV star, Ava Boone, is forced to flee the mounting chaos in Los Angeles and return to her rural hometown.  But as she struggles to acclimate to a way of life she left behind long ago, her homecoming attracts a dangerous figure from her past – threatening both her and the family that serves as her only sanctuary.",138.029,https://image.tmdb.org/t/p/w300/bAwtbmCzhFwKf2wN6QQH301ylbO.jpg,2020-03-14,Before the Fire,false,6.5,24,,
false,https://image.tmdb.org/t/p/w300/nLwJViZMXRUU0UgfYZz30UBpB0s.jpg,16,12,14,,597398,en,Away,"After suffering a plane crash on a mysterious island, a young man embarks on an epic journey through forests, deserts and mountains trying to escape the shadow of a huge dark spirit.",121.418,https://image.tmdb.org/t/p/w300/c59eplVELdwrUfGBUAZVin3HfaL.jpg,2019-11-15,Away,false,6.2,21,,
